feature,importance
votes,0.45356560732726564
location,0.15741855567478877
cost,0.14924682440771794
rest_type,0.14130730104811565
book_table,0.04990852508351955
online_order,0.04855318645859241
